% var.,PAGH,PAGM,PAFM,PAAH
0.0228,300.55,307.35,34.03,80.18
-0.0217,307.02,300.69,31,79.57
0.0144,301.12,305.03,32,81.51
-0.0095,304.88,302.12,33.03,80.76
-0.0201,300.79,296.05,31.91,80.33
0.0048,298.19,297.46,28.84,81.75
-0.0103,294.37,294.4,28.19,82.74
-0.0125,294.65,290.71,29.6,82.53
-0.017,286.17,285.77,27.72,80.14
0.0133,285.39,289.58,26.9,80.61
-0.0142,288,285.48,25.87,80.4
0.0178,288.52,290.57,26.81,81.64
-0.004,294.08,289.4,26.31,81.67
0.0038,288.2,290.51,27.1,82.9
-0.0206,292.39,284.53,27,81.6
-0.006,285.16,282.82,27.4,82.31
-0.0071,281.13,280.82,27.27,81.74
-0.0036,280.92,279.8,28.29,81.65
0.0098,280.44,282.53,30.01,82.02
0.0112,281.58,285.7,31.41,83.68
0.0187,287.07,291.05,31.91,83.92
-0.0069,290.19,289.04,31.6,83.68
-0.0213,290.2,282.88,31.84,82.52
0.0111,284.28,286.02,33.05,83.16
-0.0189,283.94,280.62,32.06,81.54
0.0071,281.65,282.61,33.1,81.72
0.0082,284.13,284.93,32.23,82.07
-0.0088,283.22,282.43,31.36,81.29
0.0279,287.76,290.32,31.09,83.43
0.0007,291.19,290.52,30.77,84.65
0.0127,290.29,294.2,31.2,85.63
0.0138,294.67,298.25,31.47,87.13
-0.0167,296.51,293.27,31.73,86.55
0.0001,292.76,293.29,32.17,87.7
-0.0074,295.38,291.13,31.47,86.89
-0.0181,288.43,285.87,30.97,86.35
-0.0012,283.84,285.52,30.81,85.56
0.0106,286.35,288.54,30.72,86.42
-0.0028,288.46,287.74,28.25,86.7
0.0031,289.5,288.64,28.09,86.71
0.007,288.77,290.66,29.11,86.61
0.0212,293.35,296.82,29,87.76
0.03,304.68,305.71,28.76,86.33
0.0077,300.53,308.05,28.75,86.26
-0.0129,307.8,304.08,28.45,85.85
0.0007,304.46,304.29,29.34,82.14
0.0088,307.8,306.98,26.84,82.13
0.0352,309.75,317.79,23.7,83.59
-0.0042,318.33,316.46,23.15,85
0.001,314.43,316.79,21.71,87.25
-0.0004,318.96,316.65,20.88,86.69
-0.0062,313.06,314.68,20.04,86.83
0.02,320.31,320.98,21.09,87.96
0.0023,320.12,321.72,21.92,88.94
-0.0035,321.21,320.58,20.72,88.7
0.0027,319.83,321.43,20.72,88.55
0.0002,322.57,321.49,21.01,88.68
-0.0006,319.6,321.31,21.81,88.81
0.0281,324.02,330.33,21.6,90
0.0131,329.94,334.65,20.38,90.24
-0.0017,335.47,334.09,21.2,90.12
0.008,334.08,336.76,19.87,90.91
0.0064,337.39,338.9,19.05,92.59
-0.0024,338.08,338.1,20.01,95.02
-0.0089,336.88,335.08,19.16,93.72
0.0115,334.01,338.92,19.44,95.55
-0.0006,337.46,338.73,19.44,94.66
0.0027,338.13,339.64,19.41,94.75
-0.0139,331.82,334.93,19.15,96.53
0.012,332.82,338.95,19.34,96.4
0.0159,339.01,344.34,19.1,96.21
-0.0092,342.45,341.17,19.09,94.84
0.005,342.33,342.88,18.06,95.03
-0.0059,342.61,340.85,17.73,96.42
-0.0005,340.33,340.69,18.58,95.75
0.0274,343.31,350.04,18.96,96.61
0.0097,350.34,353.42,18.98,97.21
-0.0076,355.22,350.72,18.81,94.68
-0.0122,349.32,346.43,19.43,94.37
-0.0019,345.04,345.78,20.93,95.68
0.0219,346.88,353.36,20.71,97.57
0.0052,355.14,355.18,22,98.75
0.0004,354.4,355.33,21.52,99.97
0.0117,354.23,359.49,21.87,100.27
0.0128,359.1,364.1,23.29,100.3
0.0009,362.59,364.41,22.59,99.81
0.0081,366.46,367.35,22.86,100.01
0.021,365.85,375.05,20.79,98.68
-0.0003,376.89,374.94,20.28,96.22
0.0058,375.29,377.1,20.62,95.03
0.004,380.34,378.62,20.32,97.33
-0.0026,377.44,377.62,21.66,95.3
0.0096,379.89,381.26,21.99,94.2
-0.0063,382.97,378.86,22.27,94.47
0.0073,378.23,381.62,21.83,95.92
0.0073,381.74,384.4,21.95,95.26
-0.0005,385.73,384.2,20.91,93.23
-0.0128,380.87,379.29,20.4,91.17
-0.0181,380.2,372.41,20.23,90.84
0.0006,371.29,372.64,19.64,91.56
0.0093,376.82,376.1,19.75,89.73
-0.0089,376.29,372.74,19.52,89.96
-0.0051,371.33,370.85,19.52,90.68
0.005,370.42,372.71,19.48,92.83
0.0145,372.34,378.11,19.88,92.09
-0.0801,378.14,347.84,18.98,90.38
-0.019,353.13,341.23,19,87.12
-0.0046,340.84,339.66,19.32,90.58
0.0025,336.33,340.5,19.5,87.62
-0.0045,343.73,338.98,23.23,88.12
0.0007,340.33,339.21,22.56,87.08
-0.0039,338.58,337.9,21.94,86.29
0.0076,340.26,340.48,21.11,85.05
0.0107,340.08,344.13,21.21,85.22
0.0005,347.73,344.29,21.18,82.4
-0.0072,342.58,341.81,21.25,83.52
-0.0018,343.07,341.19,21.17,83.26
-0.0214,337.83,333.88,20.47,79.71
-0.0222,335.43,326.46,19.99,76.82
0.0165,327.64,331.84,19.21,78.15
0.0043,332.2,333.27,20.07,77.55
-0.0103,331.82,329.85,19.86,77.56
-0.0099,330.65,326.59,22.36,76.7
-0.0081,325.32,323.94,22.17,75.09
-0.0001,323.31,323.9,23.56,75.38
0.0325,328.17,334.43,22.92,80.82
0.0026,335.08,335.31,23.1,80.13
-0.0061,334.82,333.26,24.32,80.24
0.0032,335.31,334.31,24,81.64
-0.0102,333.54,330.9,25.94,84.22
0.0144,330.41,335.68,26.15,83.54
0.0193,334.33,342.17,26.36,83.28
0.012,344.22,346.28,27.32,84.19
0.0094,345.99,349.52,28,83.61
-0.0045,351.46,347.96,27.04,83.74
-0.0061,347.84,345.85,27.46,82.26
-0.0047,346.41,344.24,27.71,76.97
0.0048,344.13,345.9,26.97,78.18
-0.01,347.84,342.44,27.48,76.18
0.0018,343.03,343.04,27.84,75.69
0.0167,345.33,348.78,27.98,77.34
0.001,349.95,349.12,27.58,77
0.0074,358.31,351.69,28.24,75.67
-0.0011,349.92,351.32,26.81,72.83
0.0268,353.09,360.74,26.75,74.12
0.0004,358.65,360.88,27.71,76.27
-0.0013,360.7,360.4,27.41,75.19
0.0031,361.98,361.53,27.36,74.53
-0.0093,357.33,358.16,26.26,74.19
-0.0086,357.6,355.09,26.93,74.31
-0.0009,354.38,354.78,26.51,73.29
-0.0036,353.91,353.49,26.05,73.58
-0.0089,351.19,350.34,25.91,72.8
0.0105,350.34,354.03,26.62,76.02
0.0225,360.06,361.98,28,78.43
0.0006,362.82,362.19,27.77,77.44
0.0197,365.02,369.34,28.76,75.29
-0.0044,368.08,367.73,29.42,74.84
-0.002,368.13,367.01,29.06,75.04
0.0066,366.49,369.42,30.59,73.87
0.0045,371.78,371.1,31.3,74.79
-0.002,371.36,370.35,31.72,74.33
-0.0226,368.86,361.98,30.95,71.68
0.0023,360.01,362.82,30.1,69.42
-0.0135,361.55,357.94,29.85,72.3
-0.0054,359.2,356,30.14,71.81
-0.0096,355.52,352.6,29.66,71.43
-0.0023,352.67,351.78,30.73,72.11
0.0549,368.35,371.11,30.82,73.43
0.0166,370.98,377.28,31.08,64.36
-0.0002,375.75,377.2,31.54,62.84
-0.0039,376.24,375.73,32.47,64.26
0.0039,373.74,377.21,30.79,65.47
0.0002,377.24,377.28,31.24,65.26
0.0025,375.62,378.21,30.98,65.07
0.0264,379.47,388.18,29.73,64.8
-0.0214,384.22,379.88,28.11,63.19
0.0088,380.93,383.24,28.64,65.41
0.0058,379.9,385.46,29.05,65.34
0.0049,385.22,387.35,28.65,66.89
0.0148,390.44,393.07,28.55,67.85
-0.0038,389.58,391.59,28.26,68.56
-0.0022,391.25,390.73,27.37,66.84
0.0028,390.44,391.81,27.91,66.72
0.0063,390.24,394.29,28.5,66.66
0.0064,394.08,396.83,28.32,65.74
0.0176,398.38,403.82,28.93,65.71
-0.0179,403.04,396.61,28.46,64.12
0.0039,399.39,398.15,27.28,63.72
0.0052,400.02,400.24,27.13,64.4
-0.0112,401.54,395.77,27.27,63.26
-0.0008,397.89,395.45,27.39,64.14
0.0122,397.79,400.28,26.87,63.51
0.0018,400.94,400.99,27.25,63.06
0.0062,399.29,403.49,27.78,61.5
0.019,403.04,411.15,27.72,60.01
0.0208,414.87,419.71,27.52,61.59
-0.0086,420.92,416.09,27.45,60.81
0.0015,417.43,416.7,28.58,61.51
-0.0013,417.65,416.16,27.96,61.67
0.004,416.25,417.81,28.14,62.55
-0.0086,415.76,414.21,27.83,61.2
-0.0028,414.35,413.06,27.08,61.19
-0.0046,413.9,411.17,27.04,61.79
-0.0088,409.65,407.55,26.64,63.38
-0.008,402.89,404.29,26.49,65.1
0.0044,406.01,406.05,26.55,64.93
0.0042,408.81,407.75,25.86,64.58
-0.0042,406.04,406.02,25.74,64.68
-0.0012,407.77,405.55,25.73,65.99
-0.0008,406.6,405.21,25.13,66.23
0.0034,407.14,406.6,25.2,65.88
-0.012,403.73,401.72,26.09,64.58
-0.0106,402.38,397.48,25.58,63.24
0.0088,397.89,400.98,25.53,61.27
0.0148,402.66,406.91,25.42,61.4
-0.0084,407.12,403.49,26.25,61.71
-0.0138,402.52,397.92,27.07,61.1
-0.0151,393.41,391.9,27.39,60.46
-0.0105,389.75,387.8,26.85,60.89
0.0036,388.13,389.2,26.59,61
0.0161,391.84,395.47,27.57,62.24
0.0003,396.82,395.58,28.02,62.05
-0.0004,396.38,395.41,27.4,61.4
-0.0103,393.36,391.34,26.52,59.98
0.0146,393.68,397.07,26.92,60.89
-0.0136,393.76,391.66,26.62,57.54
-0.0213,393.06,383.33,25.69,56.01
0.0443,384.95,400.32,25.73,55.79
0.0003,400.69,400.45,25.97,56.95
0.0097,400.89,404.34,25.98,58.02
0.0069,404.45,407.12,26.11,57.92
-0.0054,408.52,404.94,26.14,58.34
-0.0095,404.19,401.1,26.85,59.6
0.022,402.01,409.93,26.98,61.45
0.0067,409.9,412.68,27.77,63.25
-0.005,412.03,410.61,27.43,62.76
0.0112,410.45,415.21,28.97,63.65
0.0194,418.89,423.27,28.31,64.28
0.0187,424.54,431.19,27.57,65.82
-0.005,431.92,429.03,26.89,65.52
0.0191,428.92,437.24,27.12,66.26
-0.0025,435.84,436.16,27.04,65.25
0.01,438.08,440.54,26.68,64.71
-0.0031,439.87,439.19,26.82,64.96
0.0109,439.18,443.98,27.07,63.41
0.0325,448.18,458.39,26.6,61.26
-0.0131,459.95,452.37,26.13,62.08
0.0059,455.45,455.03,26.25,61.89
-0.0007,452.94,454.71,25.76,63.28
-0.0017,454.45,453.92,25.66,62.81
-0.0193,451.72,445.14,25.16,63.05
-0.0075,438.93,441.82,25.06,63.16
-0.0107,438.05,437.08,24.31,63.59
0.0091,442.18,441.06,24.1,63.06
-0.0147,438.28,434.58,23.32,63.56
0.0028,435.38,435.8,24.55,64.51
0.0005,434.48,436.03,24.35,64.25
-0.0041,436.92,434.24,23.85,64.39
-0.0098,434.35,429.97,23.52,64.19
0.0007,431.67,430.27,22.9,63.59
0.0057,432.57,432.74,22.97,62.64
0.0174,435.63,440.29,23.29,63.12
0.0119,441.48,445.54,24.33,62.7
-0.0117,442.41,440.33,24.03,62.51
-0.0089,443.16,436.41,23.77,61.74
0.0058,434.91,438.93,23.73,62.28
-0.0023,440.48,437.94,23.63,61.44
0.0128,440.04,443.55,24.02,61.71
0.0162,444.76,450.75,24.21,61.68
0.0001,451.12,450.78,24.31,60.43
-0.0177,447.43,442.8,23.9,59.55
-0.0043,444.6,440.89,24.53,59.07
-0.0126,436.36,435.32,23.93,57.51
-0.0041,439.06,433.52,24.25,57.52
0.0086,437.3,437.25,24.16,56.87
0.0039,439.83,438.96,24.66,56.25
0.0038,437.87,440.61,24.88,56.65
0.0085,443.65,444.37,24.81,58.46
-0.0063,445.53,441.58,24.41,59.78
0.0047,440.38,443.64,24.52,60.11
0.008,445.44,447.18,24.37,59.63
0.013,450.04,452.98,24.71,59.29
0.0002,455.94,453.06,25.48,60.34
0.0008,452.16,453.43,25.8,60.1
0.0157,456.94,460.57,25.81,61.04
0.003,460.45,461.95,25.91,60.93
0.0018,462.6,462.79,26.28,61.06
-0.0055,464.01,460.25,26.32,61.46
-0.0012,460.95,459.72,26.65,61.47
-0.0086,459.94,455.78,26.18,61.68
-0.0155,443.74,448.73,25.88,60.71
0.0157,451.44,455.79,26.05,60.9
-0.0076,455.79,452.34,26.13,59.86
-0.001,454.07,451.89,26.51,62.93
-0.0168,447.37,444.28,34.36,62.64
-0.0027,443.93,443.1,34.01,63
-0.0035,442.88,441.56,35.43,63.97
0.0098,443.16,445.89,37.63,64.76
-0.0035,446.93,444.31,36.8,64.65
0.0185,447.93,452.55,37.49,65.24
0.0026,452.16,453.72,38.05,66.08
-0.0017,453.13,452.94,39.19,67.06
-0.0093,452.78,448.72,38.55,66.46
-0.0066,447.95,445.76,38.87,66.43
0.0022,448.18,446.76,38.54,65.86
-0.0025,445.71,445.64,38.5,64.92
-0.0055,443.88,443.18,38.22,66.77
-0.0048,443.85,441.05,37.02,69.94
-0.013,439.61,435.33,36.65,71.21
-0.0117,432.64,430.25,36.56,71.13
-0.0032,431.06,428.87,37.08,71.76
0.0102,429.27,433.24,37.81,72.53
-0.0003,434.6,433.13,38.41,71.58
0.0045,435.75,435.09,38.32,71.77
0.005,436.77,437.28,38.55,71.85
-0.004,439.34,435.53,40.55,71.57
-0.0044,435.42,433.62,41.34,71.85
-0.0187,430.23,425.49,39.64,69.8
-0.0019,425.54,424.69,40.55,70.13
0.0081,424.95,428.13,41.28,70.24
-0.01,428.3,423.86,41.29,69.6
0.0159,427.59,430.61,41.87,69.8
0.0131,430.59,436.24,41.78,71.24
0.0091,437.17,440.21,42.66,70.75
0,441.65,440.22,43.95,71.17
0.0096,442.29,444.46,44.04,72.31
0.0007,445.44,444.77,43.6,70.66
0.0085,444.7,448.53,45.04,66.82
-0.0035,449.14,446.97,44.75,67.53
-0.0045,447.68,444.97,44.31,66.41
-0.0015,448.53,444.31,42.51,64.3
-0.0019,444.14,443.48,45.07,65.05
0.0194,443.6,452.1,45.23,66.38
-0.0055,453.43,449.63,45.98,67.47
0.0052,449.63,451.99,47.49,66.77
-0.0184,448.51,443.68,47.19,70.09
0.0004,443.68,443.85,48.45,69.87
-0.0108,443.7,439.04,49.46,68.79
0.0011,439.58,439.51,50.39,69.46
-0.002,437.83,438.62,51.24,68.96
-0.0005,434.96,438.38,50.23,68.11
0.0127,440.55,443.93,50.42,69.71
0.0011,441.79,444.43,50.28,69.94
-0.0134,444.43,438.47,49.18,69.06
-0.0043,437.92,436.6,51.04,69
-0.0076,434.15,433.29,50.52,69.68
-0.0139,433.08,427.25,47.14,68.71
0.0026,428.56,428.35,46.77,69.51
0.0145,432.34,434.54,49.05,69.95
0.0043,433.44,436.42,49.11,70.4
0.0047,433.75,438.48,49.51,70.86
0.0067,438.3,441.43,49.5,71.24
0.0182,443.36,449.45,51.13,71.59
-0.0103,446.93,444.83,52.21,72.07
0.1379,488.76,506.19,54.22,72.7
-0.008,506.22,502.14,53.85,74.48
0.0037,502.99,503.99,52.67,74.27
0.0242,500.99,516.2,51.9,74.99
-0.0057,516.44,513.27,52.45,75.99
-0.0101,514.91,508.09,51.95,75.14
-0.0002,508.09,507.99,50.23,75.7
0.0209,510.04,518.62,49.4,73.81
-0.0056,519.22,515.71,49.01,74.99
0.0002,514.96,515.79,50.2,74.67
-0.0034,516.4,514.02,49.75,74.29
-0.0009,516.25,513.55,48.22,75.25
-0.0045,510.67,511.26,50.1,75.06
0.0012,513.3,511.87,49.12,74.42
-0.0145,511.8,504.46,47.56,73.21
0.008,504.86,508.51,47.53,74.37
-0.0053,505.24,505.79,46.2,74.15
0.0012,504.34,506.38,46.6,74.29
0.0205,503.86,516.74,48.71,74.38
0.0027,517.46,518.12,48.99,75.45
-0.0016,517.94,517.28,49.01,75
-0.0019,518.38,516.28,45.83,74.09
-0.0062,516.36,513.1,46.36,74.22
-0.0028,515.47,511.65,46.43,73.57
0.0115,514,517.54,46.7,74.45
-0.0021,517.21,516.45,46.23,74.26
0.0136,519.08,523.47,44.82,74.82
0.0119,524.81,529.72,45.89,76.2
0.0044,531.53,532.07,46.49,77.99
-0.0033,531.6,530.31,47.01,79.44
-0.0048,532.27,527.75,47.06,78.75
-0.0012,525.98,527.14,46.73,80.9
0.0047,526.19,529.6,48.62,80.71
-0.0008,529.11,529.18,48.34,81.13
0.0118,535.41,535.45,47.94,80
0.0077,536.01,539.59,48.84,80.92
0.0061,538.6,542.86,50.24,80.79
-0.0068,544.23,539.17,49.38,80.19
-0.0068,540.31,535.5,51.83,80.08
-0.0086,538.22,530.91,53.32,79.2
0.0115,532.52,537.01,53.81,79.64
-0.0029,536.93,535.45,54.86,79.28
0.0139,536.44,542.9,55.57,78.68
0.0014,540.91,543.64,55.05,77.78
0.0132,544.68,550.84,55.12,78.43
0.0132,554.46,558.09,57.77,81.44
-0.0029,558.03,556.46,57.96,81.1
0.005,557.55,559.27,57.73,80.56
0.0008,560.54,559.74,55.44,80.01
-0.008,560.71,555.27,53.71,79.22
0.0101,556.66,560.9,54.65,80.15
-0.0068,558.27,557.1,54.71,79.02
-0.0073,558.04,553.04,54.56,77.28
0.0111,557.04,559.2,57.2,77.7
0.0193,563.05,569.98,57.92,77.15
0.0021,573.56,571.17,58.23,77.64
-0.0096,572.27,565.67,57.22,76.65
-0.0001,570.09,565.64,57.94,76.13
-0.0064,563.78,562.03,55.91,76.53
0.0235,569.53,575.26,57.74,78.06
-0.0007,577.05,574.87,57.6,79.62
0.0066,575.11,578.67,57.19,79.18
-0.0049,578.99,575.82,56.3,77.24
0.0114,581.03,582.41,58.51,78.44
0.0012,583.87,583.08,57.51,78.79
-0.0042,580.56,580.61,56.63,79.45
-0.0313,576.06,562.46,54.45,78.01
-0.0201,563.6,551.15,53.55,78.64
0.0198,555.7,562.05,55.14,72.36
-0.0143,560.1,554,53.53,71.54
0.0257,573.06,568.25,61.08,71.4
0.0401,586.24,591.06,62.57,71.51
-0.0403,590.17,567.26,61.48,71.65
0.0042,569.55,569.63,62.75,72.68
0.0044,572.24,572.15,62.19,73.23
0.0147,576.12,580.54,62.16,73.22
0.0151,584.38,589.29,64.32,74.24
-0.0038,586.47,587.03,63.55,75.57
0.0147,590.66,595.67,64.85,76.57
-0.0029,595.08,593.92,64.45,76.56
0.0111,590.95,600.53,67.33,77.78
0.0024,598.38,601.98,67.09,77.71
0.0067,601.29,606.03,67.3,78
-0.0071,603.23,601.75,68.06,76.77
0.0015,602.15,602.64,69.63,75.88
-0.0003,604.49,602.48,68.59,75.04
0.0072,603.26,606.84,70.78,75.36
0.0062,608.56,610.59,69.85,74.58
0.0001,612.59,610.68,69.26,73.91
-0.0008,609.79,610.2,68.94,75.38
-0.0029,610.76,608.41,68.46,75.18
-0.0107,603.96,601.93,67.41,75.39
0.0102,608.09,608.04,68.8,75.89
0.0028,608.11,609.72,71.57,76.05
0.0011,611.73,610.4,70.84,75.82
-0.004,613.99,607.98,69.8,75.78
-0.0026,608.43,606.37,72.03,75.85
-0.0095,607.47,600.58,70.1,76.58
0.0061,598.78,604.24,70.88,76.66
-0.0151,604.56,595.11,68.83,75.81
-0.0137,591.57,586.97,67.72,74.96
0.0165,590.2,596.63,68.74,75.25
0.0161,597.91,606.22,69.19,75.91
-0.0099,606.49,600.21,68.24,75.89
-0.0017,600.56,599.16,66.97,75.53
-0.0118,603.74,592.09,67.24,76.12
-0.0212,592.67,579.53,64.1,77.03
0.0007,583.57,579.92,64.89,77.86
-0.0231,581.57,566.53,60.38,77.11
-0.0156,565.97,557.68,60.97,76.78
0.0053,560.04,560.62,60.01,76.69
-0.005,565.75,557.8,60.24,76.68
0.0183,560.68,568,62.62,77.38
0.0002,571.5,568.1,62.72,77.51
0.006,573.39,571.5,59.49,76.97
-0.0459,578.55,545.25,56.75,75.97
-0.0085,544.79,540.63,56.95,74.78
0.0312,545.05,557.51,58.19,74.78
0.0171,565.84,567.04,62.41,75.76
-0.0359,568,546.69,59.16,74.78
-0.0163,537.94,537.76,58.53,74.23
0.0138,543.66,545.2,58.89,74.53
0.0064,551,548.7,59.09,73.99
0.0277,557.7,563.9,59.72,74.14
-0.0365,556.32,543.34,58.94,74.99
-0.0073,544,539.37,61.24,75.88
0.0114,536,545.5,63.03,75.96
-0.0146,543.67,537.51,61.36,74.96
-0.0057,541.69,534.44,60.87,81.11
-0.0212,532.26,523.1,57.71,81.71
-0.0002,525.8,522.98,56.14,84.87
0.0255,523.89,536.33,58.15,84.62
-0.0027,535.12,534.88,59.78,84.3
0.0068,534.25,538.53,61.15,84.5
-0.0087,541.44,533.87,60.46,84.65
0.0027,530.24,535.33,61.22,85.85
-0.0238,533.41,522.57,58.53,84.92
-0.0087,523.25,518,57.39,84.62
0.0042,515.72,520.17,56.76,84
0.0124,518.65,526.62,57.24,83.65
0.0224,531.84,538.43,59.83,84.69
0.0058,539.58,541.54,59.83,84.82
-0.0132,541.82,534.41,59.23,84.84
-0.0099,533.14,529.12,57.92,84.12
-0.0015,529.6,528.3,58.02,85.36
0.0199,528.88,538.83,59.21,86.37
0.0029,540,540.39,58.56,86.39
0.0172,542.9,549.7,60.49,86.62
0.0105,552.2,555.45,60.52,86.75
0.015,558.13,563.8,61.35,87.73
0.0196,567.78,574.87,63.48,89.38
-0.0077,574.57,570.45,63.51,89.14
0.0002,573.39,570.56,63.83,90.77
0.0019,571.64,571.65,63.3,90.43
-0.0128,569.75,564.34,63.08,89.81
-0.0174,560.9,554.51,62.87,91.08
-0.0014,551.52,553.76,63.34,92.12
0.0202,557.11,564.93,63.19,92.48
0.0019,568.16,566.03,62.5,92.22
0.0083,566.75,570.73,62.88,93.7
-0.0043,568.78,568.3,65.77,94.25
-0.0014,565.92,567.5,65.78,93.86
-0.0141,567,559.5,64.29,92.29
0.0015,560.08,560.35,64.5,91.28
-0.0144,557.25,552.3,64.19,92.2
-0.003,552.36,550.62,64.4,92.08
0.0182,552.8,560.66,65.6,92.18
0.0077,561.15,564.99,64.34,91.86
0.0027,566.45,566.52,64.5,90.91
0.0137,564.35,574.29,65.37,90.83
-0.003,574.22,572.54,65.72,90.28
0.0234,573.55,585.93,67.44,90.36
-0.002,589.3,584.77,67.13,90.9
0.0016,585.45,585.69,67.6,91.98
-0.0017,586.76,584.67,67.29,92.93
0.0117,587.65,591.49,68.06,93.52
-0.0012,592.26,590.78,66.45,93.48
0.0039,591.7,593.08,66.29,94.03
-0.0039,593.51,590.76,65.29,95.97
-0.0209,586.37,578.4,62.76,95.35
0.0086,578.95,583.36,64.97,95.39
-0.0057,573,580.04,64.87,95.03
0.0114,581,586.65,66.34,95.22
0.013,590.6,594.26,67.9,96.45
-0.002,595.15,593.06,67.17,95.32
-0.0041,596.89,590.62,67.66,94.78
-0.0166,588.97,580.82,66.41,93.09
0.0418,603.01,605.11,68.42,94.43
-0.011,601.35,598.44,69.4,93.94
0.0086,599.7,603.57,69.27,94.72
0.0027,602.05,605.19,71.29,97.19
-0.0036,605.53,603.01,74.98,97.03
-0.0082,599.25,598.08,75.19,97.67
0.0016,597.75,599.02,74.92,99.02
-0.0085,597.7,593.95,73.71,98.38
0.0025,595.81,595.44,74.68,98.15
-0.0267,588.96,579.55,72.65,95.6
-0.0103,578.55,573.6,72.36,96.13
0.0151,576.51,582.27,73.51,95.59
-0.0157,579.38,573.14,72.69,95.12
0.0024,569.5,574.49,72.47,94.96
-0.0047,576.05,571.81,73.17,94.48
0.0107,572.02,577.94,73.06,94.74
-0.0012,579,577.25,73.44,95.99
-0.0089,575,572.12,72.83,95.97
0.0217,576.45,584.56,73.77,97.24
0.0002,586.69,584.65,74.3,97.5
-0.0016,587.5,583.71,73.63,97.98
0.0154,587.1,592.7,74.59,99.16
0.0074,595.59,597.11,75.29,100.53
-0.0028,596.95,595.41,74.81,100.57
-0.005,594.9,592.42,74.57,100.58
0.0002,593.27,592.54,74.57,101.32
-0.0033,594.77,590.57,75.02,101.54
-0.0041,592,588.12,75.96,100.89
-0.0087,587.81,583,74.63,102.13
-0.0046,580.02,580.32,73.86,102.25
0.0035,582.35,582.36,74.82,102.5
0.0108,582.95,588.63,76.68,103.3
0.0015,591.73,589.52,75.83,98.94
0.0061,592.13,593.14,75.95,98.12
0.0078,595.13,597.78,77.26,98.97
0.0064,599.14,601.63,77.89,98.36
-0.0161,600.27,591.97,76.67,97.99
0.0024,591.74,593.42,77.43,101
-0.0039,590,591.11,77.92,101.43
-0.0105,590.39,584.9,77.48,101.66
-0.0056,582.24,581.64,74.58,101.63
0.0123,580.95,588.78,76.08,100.86
0.0077,589.51,593.29,76.43,101.58
0.0067,595.05,597.27,77,101.79
0.0136,599.49,605.4,77.91,100.96
-0.0134,602.5,597.27,76.8,101.06
-0.0102,595,591.18,78.29,102.64
0.0122,591.57,598.42,78.53,101.75
-0.022,596.99,585.25,77.22,97.87
0.0045,585.93,587.9,78.79,100.75
-0.0002,581.83,587.81,79,100.11
0.001,587.49,588.41,79.04,100.75
-0.0149,586.8,579.63,76.55,99.18
0.0022,578,580.88,77.08,99.9
0.0092,584.1,586.25,77.44,99.62
0.0026,589.95,587.78,77.56,99.62
-0.0233,584.9,574.1,76.29,98.75
0.0168,574.79,583.74,77.52,100.8
-0.0222,581.61,570.81,75.91,101.02
-0.0274,567.47,555.19,72.91,100.73
-0.0188,555.13,544.75,72.99,99.81
0.0072,550.14,548.69,73.59,98.75
-0.0145,542.08,540.73,73.21,97.54
-0.007,527,536.92,72.63,96.26
-0.026,540.45,522.97,75.95,97.67
0.018,520.45,532.38,76.95,99.76
0.0106,537.27,538.03,78.69,102.47
0.0087,541.05,542.69,78.37,102.99
0.0202,548.28,553.65,80.04,104.83
-0.0086,554.98,548.9,80.67,105.22
0.0018,547.76,549.88,80.28,105.11
0.0165,551.71,558.94,80.77,106.74
-0.0009,560.85,558.45,75.86,107.34
0.0033,558.25,560.27,74.11,106.98
0.0136,568.3,567.87,74.99,108
-0.0072,563.53,563.77,73.88,109.4
0.0007,561.16,564.19,75.76,108.6
-0.0146,566.79,555.95,74.83,108.86
-0.0077,555.5,551.69,75.26,108.7
0.0002,555.6,551.82,75.6,109.01
0.0116,552.4,558.23,75,108.83
0.0055,558.52,561.29,74.61,109.7
-0.0054,561.15,558.25,74.72,111.25
-0.0032,560.81,556.44,74.25,112.82
-0.0022,558,555.19,74.88,114.18
-0.0154,555.19,546.64,74.24,113.99
-0.0039,547.93,544.51,74.34,115.47
0.0049,544.75,547.2,73.33,114.67
-0.0063,542.09,543.76,73.6,116.31
0.0039,551.04,545.89,73.75,116.47
0.0029,546.57,547.48,74.01,118.62
0.0032,547.21,549.23,75.63,117.6
-0.0027,549.23,547.73,77.62,119
0.0025,547,549.08,77.7,118.93
-0.0172,545.09,539.65,75.1,115.07
-0.002,539.45,538.59,75.46,114.63
-0.003,537.5,536.97,74.88,115.93
0.0104,537.64,542.58,75.24,115.49
-0.0267,536.7,528.08,76.36,115
0.005,529.22,530.73,76.52,112.4
0.0101,525.88,536.11,76.84,114.12
-0.0151,535.9,528.04,76.18,111.95
0.0077,530.01,532.11,77.73,111.62
-0.0199,527.44,521.51,77.83,109.73
-0.0109,523.76,515.84,76.99,108.22
-0.0343,513.6,498.16,74.69,106.75
0.0166,499.86,506.45,76.11,109.41
0.0161,515.99,514.62,78.4,112.65
0.0105,516.99,520.04,79.88,111.78
0.0236,520.61,532.3,81.45,112.94
0.0122,534.51,538.77,80.61,112.54
-0.0034,538.82,536.93,80.77,112.01
0.0085,536.93,541.52,80.78,113.99
-0.0078,540.5,537.31,80.02,113.91
-0.0038,534.96,535.28,79.22,112.52
-0.0086,537.74,530.66,78.02,110.38
-0.0021,532.6,529.55,78.45,109.33
-0.0191,527.15,519.46,77.19,106.25
-0.0247,520.5,506.64,76.15,106.26
-0.0029,510.95,505.15,76.15,107.75
0.0035,501.51,506.91,78.17,111.89
-0.0122,508.18,500.72,77.74,112.01
-0.0073,499.24,497.06,76.72,109.25
0.0095,502.57,501.8,76.45,110.22
0.0082,500.42,505.93,76.28,109.8
-0.0038,508.89,504.01,74.05,106.82
0.0128,503.15,510.45,75.18,105.99
-0.001,512.77,509.94,76.24,108.72
0.0205,510.84,520.39,76.74,109.55
0.0325,523,537.3,77.65,112.4
0.0087,538.03,541.95,77.83,112.98
-0.0097,541.5,536.72,77.5,113.1
-0.0289,531.4,521.19,75.78,109.14
-0.0168,525,512.43,76.24,115.31
0.0016,512.9,513.23,78,118.9
0.0474,519,537.55,75.91,117.16
-0.01,534.32,532.2,74.99,118.63
0.0021,529.94,533.3,75.4,118.65
-0.0135,533.14,526.1,75.63,119.56
0.0071,527.93,529.83,75.61,119.94
0.0076,531.01,533.88,74.47,118.93
-0.0086,531.06,529.28,74.44,119.72
0.0206,532.15,540.16,75.19,122.02
-0.004,539.73,538,76.51,124.88
0.0149,539.66,546.01,76.23,126.46
0.0094,547.51,551.16,75.74,127.08
-0.0112,551.16,545.01,75.6,127.83
-0.0043,543.82,542.65,76.71,128.72
0.007,542.47,546.45,79.42,128.45
-0.0085,547.58,541.8,79.89,129.5
-0.0126,539,535,78.84,133
0.0068,531.55,538.65,78.45,132.17
0.0161,538.44,547.33,79.56,128.79
0.0219,545.74,559.29,80.41,130.41
0.006,558.15,562.63,78.97,128.46
0.022,567,575.02,79.75,129.09
0.0066,576.35,578.79,79.6,129.36
-0.0008,576.97,578.33,80.89,128.54
0.0054,579.62,581.43,81.21,126.41
-0.0147,582,572.9,80,126.6
0.0021,570.92,574.1,79.44,127.14
-0.0248,568.48,559.85,77.55,124.51
-0.0074,559.8,555.69,77.57,122.24
0.0099,558.48,561.17,78.93,124.45
-0.0146,559.23,553,78.05,123.59
0.0156,556.93,561.64,78.07,124.95
-0.0072,558.29,557.61,79.36,127.04
0.0153,557.73,566.16,80.91,128.47
-0.0044,564.52,563.67,82.75,127.5
0.0023,566.71,564.95,83.8,125.9
0.0007,566,565.37,84.43,127.21
0.0215,568.54,577.54,85.31,126.69
-0.0182,577.57,567,82.92,123.38
-0.0059,564.65,563.64,83.01,124.24
-0.0108,561.83,557.55,83.3,123.25
0.0064,560.25,561.13,83.19,126.37
-0.0115,557.94,554.7,82.22,124.43
-0.0094,554.83,549.49,81.67,124.25
-0.0149,547.41,541.31,81.56,125.32
0.0049,538.84,543.95,82.44,127.35
0.0017,544.99,544.86,82.32,126.01
0.0073,546,548.84,82.28,125.6
-0.0015,549.21,548.02,82.17,126.56
0.0009,549.57,548.54,82.04,127.1
0.0002,547.05,548.64,83.01,126.85
-0.0161,546.57,539.78,83.52,126.3
0.0023,537.96,541.04,82.7,126.78
0.0046,538.35,543.52,82.31,126.17
-0.0198,537.31,532.74,80.78,124.75
0.0221,533.75,544.53,83.09,127.6
-0.003,546.31,542.92,83.62,126.91
0.0115,543.06,549.18,84.63,128.62
0.0151,550.41,557.46,82.41,129.67
0.0291,580.05,573.66,81.53,130.28
-0.0131,572.77,566.12,81.91,132.65
-0.0031,564.32,564.37,80.68,130.56
-0.0053,560.51,561.39,80.47,128.64
-0.0225,558.56,548.77,78.77,125.15
0.0044,550.51,551.16,78.99,128.95
0.003,550.99,552.84,78.81,128.7
-0.0177,550.16,543.04,77.56,125.8
-0.0147,542.64,535.08,78.1,125.01
0.013,535.9,542.04,78.42,125.26
0.0127,548.87,548.95,78.51,127.62
-0.0058,548.49,545.78,78.01,126.32
-0.0129,542.81,538.73,77.46,125.86
0.0014,540.47,539.49,78.44,126.01
0.018,543.97,549.2,81.37,128.95
-0.0049,550.39,546.49,80.42,128.77
0.0003,543.82,546.67,80.88,130.19
0.0048,548,549.28,80.63,130.07
0.0059,550.92,552.51,80.55,130.06
0.0078,550.2,556.81,80.48,131.39
-0.0041,554.46,554.52,80.54,132.54
-0.0132,552.58,547.19,79.33,129.62
0.0129,548.68,554.25,80.55,132.04
-0.0001,553.79,554.18,80.14,131.78
-0.016,553.2,545.32,79.19,130.28
0.0071,548.73,549.21,80.29,130.53
0.0086,547.43,553.95,80.44,129.96
0.0024,555.1,555.29,82.44,130.12
-0.0065,552.18,551.69,82.05,129.36
-0.0039,552,549.53,82.14,128.65
-0.011,549.61,543.48,80.67,127.8
-0.0024,543.42,542.16,80.67,127.42
0.0193,545.7,552.6,82.16,128.88
-0.0046,554.49,550.04,81.83,128.59
-0.0047,547.15,547.47,81.53,127.17
-0.0082,542.73,543,80.71,126.92
0.0034,544.48,544.87,81.06,127.6
0.0032,545.42,546.6,81.79,127.3
0.0175,548,556.18,82.91,127.88
0.0024,556.52,557.52,82.51,126.6
0.0039,559.41,559.68,84.74,127.61
0.0066,559.79,563.39,87.88,127.03
-0.0086,562.48,558.57,88.86,128.11
-0.0011,560.3,557.95,87.98,127.5
-0.0088,559.71,553.06,88.01,126.75
-0.0214,546.75,541.25,85.8,124.53
-0.0022,545.09,540.04,85.77,125.42
0.006,543.66,543.3,86.91,126.6
0.0074,544.74,547.34,87.28,126.44
-0.0031,542.25,545.62,87.55,126
0.0081,547.43,550.03,87.22,125.69
-0.0151,545.6,541.7,85.65,122.57
0.0054,548.65,544.65,85.88,120.07
0.021,553.71,556.11,87.95,123.28
0.0281,559.51,571.73,90.1,125.66
0.0218,574.5,584.18,89.68,125.61
-0.0004,583.74,583.96,89.76,126.82
0.0305,589.5,601.78,90.85,128.51
0.1626,680,699.62,94.97,129.62
-0.0097,688.98,692.84,97.91,132.07
0.0036,684.88,695.35,98.39,130.75
-0.0004,694.02,695.1,97.04,125.22
-0.0293,691.85,674.73,95.44,125.16
-0.0296,676.77,654.77,96.95,124.5
0.0053,651.57,658.27,94.17,122.77
0.0021,661.76,659.66,95.29,123.38
0.0027,662.26,661.43,96.99,122.99
0.0047,657.44,664.56,95.21,122.37
-0.0106,664.7,657.5,94.01,121.3
0.011,657.66,664.72,94.14,118.44
-0.0052,664.34,661.28,94.06,114.64
0.0182,665.75,673.29,96.44,115.4
-0.0047,673.99,670.15,95.12,115.13
-0.0086,667.78,664.39,94.3,115.52
-0.0019,667.09,663.14,94.15,119.72
0.041,699.58,690.3,93.62,113.49
0.0017,694.49,691.47,94.19,115.24
-0.0072,689.2,686.51,93.43,115.15
0.0042,684.04,689.37,94.42,115.96
0.0069,688.04,694.11,93.93,117.16
-0.0078,691.07,688.73,95.17,116.5
0.0077,690.11,694.04,95.31,115.01
-0.021,689.1,679.48,90.56,112.65
-0.0522,671.04,644.03,86.06,105.76
-0.0402,600.6,618.11,82.09,103.12
-0.0091,646.47,612.47,83,103.74
0.0772,643.1,659.74,87.19,109.69
0.0125,671.99,667.96,89.73,112.92
-0.0124,665.76,659.69,91.01,113.29
-0.018,654.34,647.82,89.43,112.76
-0.0282,633.81,629.56,87.23,107.72
0.0244,638,644.91,89.89,112.34
-0.0122,647.93,637.05,88.15,110.37
-0.0127,629.7,628.96,88.26,109.27
0.0237,641,643.88,89.53,112.31
-0.0007,651.88,643.41,90.44,110.15
0.0119,643.9,651.08,91.98,112.57
0.0065,650.21,655.3,92.05,114.21
-0.0043,655.63,652.47,92.31,115.31
0.0193,656.71,665.07,92.9,116.28
0.0007,665.55,665.52,93.45,116.41
0.0092,667.49,671.67,94.34,113.92
-0.016,665.06,660.92,94.4,113.45
0.0092,665.51,666.98,95.55,115.21
-0.0207,657.47,653.2,92.96,113.4
0.0001,652.9,653.29,93.97,114.32
0.0025,648.97,654.91,94.41,115
-0.0225,658.58,640.15,92.77,114.71
-0.0248,639.05,624.25,89.21,112.44
-0.0026,625.5,622.61,86.67,109.06
0.0253,631.83,638.37,89.9,110.3
0.0057,637.94,642,90.95,109.58
0.0233,638.01,656.99,92.07,110.38
0.0224,661.6,671.68,94.01,110.78
-0.0001,669.35,671.64,92.8,111.31
-0.0024,677.4,670,92.4,110.78
-0.0045,669.45,667,92.47,109.5
0.0064,667.49,671.24,93.24,112.12
0.0077,669.19,676.43,94.26,111.6
0.01,674.26,683.17,94.12,111.79
-0.004,683.73,680.41,94.07,110.21
0.0185,685.25,693.02,95.96,111.86
0.0033,695.4,695.32,97.54,111.04
0.0067,694,699.95,98.47,111.73
-0.0285,697.89,680,97,113.77
-0.0121,683.21,671.8,97.11,113.76
0.0139,675.44,681.14,99.67,115.5
0.0561,750.06,719.33,102.19,119.08
0.0164,720.02,731.12,103.77,115.28
0.0023,726.57,732.82,103.7,114.55
0.0056,733,736.92,104.2,119.27
0.0108,736.63,744.85,104.88,120.53
-0.01,745.56,737.39,101.97,119.5
0.014,737.88,747.74,103.31,121.18
0.0014,745.43,748.82,102.58,122.57
0.0087,749.9,755.31,103.94,122
0.0071,758.81,760.67,108.76,120.92
0.0012,759.39,761.6,107.09,121.06
-0.009,758.52,754.77,106.49,120.57
0.0046,753.48,758.26,107.91,116.77
0.0092,762.38,765.25,109.01,116.11
-0.0114,760.18,756.53,108.02,115.72
-0.0218,754.04,740.07,103.95,112.34
0.014,740.21,750.42,104.04,114.17
-0.0059,752.47,745.98,105.13,113.69
0.0188,749.57,760.01,107.77,117.29
-0.0001,759.78,759.94,106.26,118.78
0.0224,769.3,777,107.32,119.3
-0.0004,777.47,776.7,106.95,117.75
-0.0091,772.96,769.63,105.74,118.88
-0.0005,771.69,769.26,105.41,118.03
0.0035,769.16,771.97,105.45,117.81
-0.0118,771.87,762.85,104.24,118.3
0.0274,766.94,783.79,107.12,117.34
-0.0076,785.25,777.85,106.07,116.28
-0.0124,780.56,768.2,104.38,115.2
0.0143,769.71,779.21,106.18,119.03
-0.008,780.06,772.99,105.61,118.28
0.0028,764.5,775.14,106.49,118.23
-0.0162,771.1,762.55,104.6,115.62
-0.0033,763.59,760.04,105.42,116.17
-0.0127,749,750.42,102.12,113.18
0.0162,751.26,762.54,104.66,112.48
-0.0032,767.79,760.09,104.55,110.49
0.0217,766.57,776.59,106.79,111.34
-0.0087,781.16,769.83,106.22,108.98
-0.0169,767.23,756.85,104.04,106.03
0.0052,763.05,760.8,104.77,107.33
0.0083,764.27,767.13,105.51,107.23
0.0018,770.69,768.51,104.63,108.61
-0.0035,768.52,765.84,105.02,108.03
0.0214,770,782.24,105.93,106.82
0.015,786.99,793.96,107.26,108.74
-0.0046,793.96,790.3,106.22,107.32
-0.0156,787.82,778.01,104.66,105.26
-0.0239,762.2,759.44,102.22,105.35
0.0028,764.1,761.53,102.73,102.71
-0.0029,750.37,759.33,102.97,100.7
-0.0241,746.49,741,97.92,96.45
-0.0136,747.8,730.91,97.33,96.96
0.003,731.95,733.07,97.51,98.53
0.0167,740.75,745.34,99.37,99.96
-0.0346,749.34,719.57,95.44,97.39
0.0164,724.44,731.39,98.37,99.52
-0.0286,709.99,710.49,94.97,97.13
0.0121,720.15,719.08,95.26,96.66
-0.0007,705.9,718.56,94.35,96.79
0.0113,720.17,726.67,94.16,96.3
0.0259,742,745.46,97.94,101.42
-0.0159,743.84,733.62,97.01,99.44
0.0002,735.21,733.79,97.34,99.99
-0.0221,735.89,717.58,94.45,93.42
0.0428,738.19,748.3,109.11,94.09
0.0174,748.96,761.35,112.21,97.34
0.0124,771.26,770.77,115.09,96.43
0.0132,800.5,780.91,114.61,94.48
-0.0404,786.28,749.38,112.69,96.35
-0.0258,744.59,730.03,110.49,96.6
-0.036,725.5,703.76,104.07,94.02
0.0006,687.68,704.16,99.75,95.01
-0.0045,692.95,701.02,99.54,94.99
0.0083,711.79,706.85,101,94.27
-0.0007,696.34,706.36,101.91,93.7
0.0008,712.21,706.89,102.01,93.99
0.0152,718.65,717.64,101.61,96.64
0.02,727,731.97,105.2,98.12
-0.0198,733.96,717.51,103.47,96.26
0.0064,715.9,722.11,104.57,96.04
0.0096,729.51,729.05,107.16,96.88
-0.0161,726.1,717.29,105.46,94.69
0.005,710.61,720.9,106.88,96.1
0.0114,722.93,729.12,108.07,96.76
-0.0058,733.6,724.86,107.92,96.91
-0.0003,724.44,724.62,107.95,96.95
-0.0102,721,717.22,106.92,96.69
0.0348,721.3,742.17,109.82,100.53
-0.0036,742.87,739.48,109.95,100.75
-0.0107,739.48,731.59,109.58,101.5
-0.0019,734.8,730.22,108.39,103.01
-0.0239,725.15,712.8,105.73,101.87
0.001,708.39,713.53,105.93,101.03
0.0166,715.16,725.41,107.51,101.12
0.0093,727.79,732.17,107.32,101.17
0.0173,739.95,744.87,109.41,102.26
0.0072,744.97,750.24,109.89,102.52
0.0004,746.02,750.57,110.67,104.58
0.009,749.05,757.36,112.18,105.97
0.0015,757.65,758.48,111.02,105.8
-0.004,761.63,755.41,111.45,105.92
0.0089,753.91,762.16,111.85,105.91
-0.0028,758.44,760.05,112.25,106.72
-0.0033,763.35,757.56,112.54,106.13
-0.0036,751.2,754.84,113.05,105.67
-0.0021,756.17,753.28,113.69,105.19
0.0167,753.68,765.89,116.14,107.68
0.0032,768.21,768.34,114.7,109.56
-0.0071,768.34,762.9,114.1,108.99
0.0089,757.16,769.67,116.06,109.99
-0.0059,769.51,765.12,112.55,111.12
-0.0086,758.13,758.57,112.22,109.81
0.0125,757.84,768.07,113.71,110.96
-0.0104,765.32,760.12,113.64,108.54
-0.0009,765.87,759.47,110.63,108.66
-0.0025,765.45,757.54,108.99,109.02
0.009,758.43,764.32,110.61,110.44
0.0099,770.31,771.91,110.51,112.04
0.0045,775.36,775.39,110.84,112.1
0.0059,775.5,780,109.64,109.85
0.0098,780.19,787.68,110.45,107.48
-0.0145,790.5,776.25,112.29,106.91
-0.0017,779.16,774.92,112.42,107.13
0.0066,777.31,780,113.44,105.97
-0.0541,743.91,737.77,110.56,105.68
0.006,735.35,742.21,110.1,105.08
-0.0227,744.42,725.37,108.76,104.35
-0.0054,725.32,721.46,108.89,97.82
-0.0227,723.29,705.06,116.73,94.83
0.004,704.12,707.88,117.58,93.74
0.0092,711.92,714.41,118.57,93.64
-0.0084,712.5,708.44,117.43,95.18
0.0041,706.77,711.37,118.06,94.19
0.0047,715,714.71,117.81,93.24
0.0146,712.2,725.18,119.49,92.72
0.0054,726.7,729.13,119.24,92.79
0.0141,734.96,739.38,120.5,93.42
-0.0119,740.52,730.55,119.52,92.51
-0.0034,732,728.07,120.28,90.34
-0.0045,726.62,724.83,119.81,90.52
0.0075,724.32,730.3,118.67,93.88
-0.0138,731.06,720.19,117.35,93.49
0.0022,718.5,721.78,117.65,94.56
-0.009,718.3,715.31,116.81,94.2
0.0089,716.46,721.71,117.35,95.22
-0.0062,719.98,717.25,115.97,96.43
0.022,719.85,733.03,117.7,97.9
0.0069,735,738.1,117.89,99.62
-0.0016,736,736.93,119.47,100.41
0.0145,737.51,747.6,119.38,100.35
0.0017,748.76,748.85,118.81,99.86
-0.0005,748.47,748.46,118.78,98.46
-0.0056,746.1,744.27,118.93,97.72
-0.0113,741.49,735.86,118.47,97.92
-0.0079,738.5,730.06,118.79,98.63
0.0014,733.27,731.09,117.76,99.03
0.0162,739.5,742.93,118.39,98.94
-0.0006,737.07,742.52,118.56,99.65
-0.0126,735.95,733.19,116.62,98.83
-0.0018,729.82,731.88,113.95,97.34
0.0019,729.31,733.25,114.94,97.46
-0.0014,734.92,732.19,114.6,97.14
-0.0108,727.96,724.25,114.39,97.55
-0.0276,721.39,704.25,113.02,95.33
0.0027,710.31,706.13,113.37,95.1
0.0039,710.05,708.88,114.38,95.91
0.0022,714.05,710.47,113.91,95.55
0.0062,710.55,714.87,115.08,96.1
-0.0415,690.17,685.2,112.08,93.4
-0.0059,682.49,681.14,108.97,92.04
0.0149,691.37,691.26,112.7,93.59
0.0057,694.26,695.19,114.16,94.4
0.012,697.65,703.53,114.28,95.6
0.0096,705.1,710.25,114.19,95.89
-0.0075,705.01,704.89,114,94.99
0.0058,699.84,708.97,116.7,95.53
-0.0024,710.11,707.26,115.85,95.94
0.0149,710.56,717.78,117.24,96.68
0.0131,719.42,727.2,117.87,96.98
0.0073,731.92,732.51,117.93,97.42
-0.0041,735.52,729.48,116.78,96.87
0.0087,733.94,735.8,117.29,98.79
-0.0002,741,735.63,116.86,98.78
0.0239,737.91,753.2,119.37,99.83
0.0003,749.87,753.41,120.61,99.87
0.0049,754.05,757.08,121.92,99.96
-0.0035,757,754.41,120.61,99.43
0.0065,757.32,759.28,121,98.66
-0.0023,757.68,757.52,121.63,97.34
0.0002,757.52,757.65,121.22,96.67
0.0057,758.97,761.97,123.34,102.95
0.0051,768.84,765.84,125,104.34
0.0333,797.71,791.34,123.94,104.21
0.0121,786.67,800.94,124.31,106.05
-0.001,797.33,800.12,123.09,104.48
-0.0015,796.47,798.92,122.51,105.79
-0.0021,798.24,797.25,124.36,105.87
0.0121,800.11,806.93,125.15,107.48
-0.0021,806,805.23,125.26,108.37
0.0028,804.49,807.48,125.06,108.81
0.0013,807.05,808.49,124.88,108
-0.0004,810.47,808.2,124.9,107.93
-0.0014,805.09,807.05,124.88,108.18
-0.0014,807.21,805.96,123.9,109.48
-0.0059,803.5,801.19,123.3,109.38
0.0053,800,805.42,124.37,109.22
-0.0033,805.36,802.75,123.91,109.08
-0.0039,799.79,799.65,123.56,109.36
-0.0034,798.51,796.95,124.15,108.51
-0.0005,800.48,796.59,124.37,108.85
-0.0038,796.86,793.6,123.48,108.03
-0.0029,792,791.3,123.89,107.57
0.0024,792.49,793.22,124.96,106.94
0.0033,793.05,795.82,126.54,106.82
-0.0049,792.88,791.92,125.84,106
-0.0026,789.6,789.85,126.12,106.1
0.002,791.98,791.4,126.17,106.73
0.0069,795.27,796.87,126.51,107.73
0.014,798.39,808.02,129.73,107.7
0,807.93,807.99,131.05,108.36
-0.0064,805.22,802.84,130.27,105.52
-0.0179,798.77,788.48,127.1,103.13
0.0131,784.52,798.82,128.69,105.44
-0.0126,794.01,788.72,127.21,107.95
0.0022,787.53,790.46,127.77,111.77
0.0136,790.01,801.23,128.35,115.57
-0.0041,799.02,797.97,129.07,114.92
-0.0032,801.11,795.39,128.65,113.58
0.0055,800,799.78,128.64,113.57
0.0066,801.26,805.03,129.94,113.55
0.0136,810,815.95,130.08,114.62
-0.0012,815.14,814.96,127.96,112.71
-0.0151,809.82,802.65,127.31,112.88
0.0101,801.83,810.73,128.69,113.09
-0.0008,804.08,810.06,129.23,113.95
-0.0092,807.23,802.64,128.09,112.18
0.0018,803.6,804.06,128.27,113.05
-0.0046,802.55,800.38,128.77,112.52
0.003,805,802.79,128.19,113
-0.0019,806,801.23,128.47,113.05
0.0023,804.08,803.08,128.74,113.89
-0.003,805.93,800.71,128.99,114.06
0.0168,803.93,814.17,130.24,116.05
-0.0056,814.17,809.57,128.88,116.3
0.0027,811.96,811.77,129.05,117.34
-0.0095,806.07,804.08,127.82,116.98
0.0006,807.45,804.6,127.88,117.63
0.0028,805.99,806.84,127.54,117.55
0.0182,814.21,821.49,128.57,117.47
0.0068,824.52,827.09,130.11,117.12
-0.0066,827.56,821.63,130,117.06
0.003,820,824.06,132.07,116.6
0.0142,830.09,835.74,133.28,117.65
-0.0086,838.5,828.55,132.29,118.25
-0.0078,827.12,822.1,131.04,115.59
-0.0058,823.01,817.35,129.69,114.48
0.0027,829.94,819.56,131.29,113.72
-0.0118,822.43,809.9,130.99,113.54
-0.0055,810.87,805.48,129.5,111.49
-0.0212,806.76,788.42,127.17,111.59
-0.0079,784.5,782.19,120,109.83
-0.0014,771.3,781.1,120.75,108.84
0.0268,794.95,802.03,122.15,110.41
0.0124,802.03,811.98,124.22,111.06
-0.0079,801.83,805.59,123.18,110.88
-0.0314,810,780.29,120.8,107.79
-0.0109,776.81,771.75,119.02,108.43
-0.024,771.76,753.22,115.08,105.71
0.0291,765.47,775.16,117.2,107.11
0.0062,770.42,779.98,116.34,109.99
0.0079,782.5,786.16,117.79,109.95
-0.013,787.17,775.97,117.02,110.06
0.0114,778.1,784.8,121.77,111.73
0.0003,788.99,785,121.47,111.8
-0.0076,789.52,779,120.84,111.23
0.0016,782.61,780.23,120.38,111.79
0.0071,778.35,785.79,120.41,111.57
0.0046,788.38,789.44,120.87,111.46
-0.0172,789.1,775.88,118.42,110.52
-0.0149,778.55,764.33,115.1,109.49
0.0002,761.9,764.46,115.4,109.9
0.018,770,778.22,117.43,109.11
-0.0026,780.19,776.18,117.31,109.95
0.0197,779.95,791.47,117.95,111.03
0.0047,792.95,795.17,118.91,112.12
0.018,799.3,809.45,119.68,113.95
-0.0019,804.82,807.9,117.77,113.3
0.0092,812.39,815.34,120.31,115.19
0.0031,815.92,817.89,120.21,115.19
-0.0027,817.36,815.65,120.57,115.82
-0.0071,818.31,809.84,119.87,115.97
0.0033,809.28,812.5,119.24,116.64
0.0033,813.37,815.2,119.09,116.95
-0.0037,815.72,812.2,119.04,117.06
-0.0031,809.1,809.68,117.4,116.29
-0.0023,808.01,807.8,117.27,116.52
0.0026,808.68,809.93,118.01,117.26
-0.0066,813.33,804.57,116.92,116.76
-0.0021,802.33,802.88,116.35,116.73
-0.013,803.21,792.45,115.05,115.82
0.0196,800.62,808.01,116.86,116.15
-0.0003,809.89,807.77,118.69,116.02
0.0065,807.5,813.02,120.67,116.61
0.015,814.99,825.21,123.41,117.91
0.0024,826.37,827.18,124.9,118.99
-0.0014,827.07,826.01,124.35,119.11
0.0047,826.62,829.86,126.09,119.75
-0.0004,828.38,829.53,126.62,119.25
0.0017,831,830.94,128.34,119.04
-0.0042,830,827.46,127.87,120
0.0019,829.8,829.02,127.92,119.99
-0.0056,829,824.37,127.55,119.78
0.0046,829.09,828.17,127.04,120
0.0196,831.61,844.43,128.93,120.08
0.006,846.98,849.53,129.37,119.97
0.0105,853.55,858.45,131.48,121.88
-0.0017,859.05,856.98,132.78,121.94
-0.0139,859,845.03,132.18,121.95
-0.0251,837.06,823.83,130.98,121.63
-0.0044,819.5,820.19,130.32,121.35
-0.006,824,815.24,133.23,128.75
0.0037,815,818.26,130.84,128.53
0.0023,823.13,820.13,130.98,129.08
0.0018,820.92,821.62,132.06,130.29
0.0093,825.5,829.23,131.84,131.53
0.0008,830.53,829.88,134.2,132.04
0.0002,831.73,830.06,134.14,132.42
0.0058,832.95,834.85,134.19,132.12
0.0049,837.7,838.96,134.05,133.29
0.0013,839.77,840.03,133.85,135.02
-0.0032,838.81,837.32,133.44,135.51
0.0058,838.5,842.17,133.84,135.34
0.0052,841.31,846.55,133.53,135.72
0.0032,847.99,849.27,133.72,136.7
0.0025,848,851.36,136.12,137.11
-0.0004,851.08,851,135.36,136.53